"AADeletion"	"Ceska republika"	"Hlavni mesto Praha"	"Jihocesky kraj"	"Jihomoravsky kraj"	"Karlovarsky kraj"	"Kraj Vysocina"	"Kralovehradecky kraj"	"Liberecky kraj"	"Moravskoslezsky kraj"	"Olomoucky kraj"	"Pardubicky kraj"	"Plzensky kraj"	"Stredocesky kraj"	"Ustecky kraj"	"Zlinsky kraj"	"_unknown_"
"S:H69-"	0.915	0.942	0.926	0.709	0.985	1	0.919	0.516	0.933	0.875	1	0.918	0.971	0.944	0.5	0.945
"S:V70-"	0.913	0.942	0.926	0.709	0.985	0.905	0.918	0.516	0.933	0.875	1	0.913	0.971	0.944	0.5	0.942
"ORF1a:F3677-"	0.794	0.823	0.694	0.304	0.99	0.857	0.775	0.806	0.747	0.951	0.944	0.692	0.797	0.778	0.25	0.829
"ORF1a:G3676-"	0.794	0.823	0.694	0.304	0.99	0.857	0.775	0.806	0.747	0.951	0.944	0.692	0.797	0.778	0.25	0.829
"ORF1a:S3675-"	0.794	0.823	0.694	0.304	0.99	0.857	0.775	0.806	0.747	0.951	0.944	0.692	0.797	0.778	0.25	0.829
"S:Y144-"	0.778	0.809	0.704	0.432	0.985	0.857	0.77	0.419	0.747	0.836	0.944	0.682	0.804	0.778	0.25	0.816
"S:A243-"	0.024	0.0117	0	0.0203	0.0049	0	0.00344	0.387	0	0.109	0	0.0103	0.00725	0	0	0.0138
"S:H245-"	0.024	0.0117	0	0.0203	0.0049	0	0.00344	0.387	0	0.109	0	0.0103	0.00725	0	0	0.0138
"S:L244-"	0.024	0.0117	0	0.0203	0.0049	0	0.00344	0.387	0	0.109	0	0.0103	0.00725	0	0	0.0138
"Other"	0.0661	0.0606	0.0648	0	0.0784	0	0.0498	0	0.04	0.135	0	0.0462	0.13	0	0	0.0691
"Count"	2709	429	108	148	204	21	582	31	75	304	18	195	138	18	4	434