"AADeletion"	"Ceska republika"	"Hlavni mesto Praha"	"Jihocesky kraj"	"Jihomoravsky kraj"	"Karlovarsky kraj"	"Kraj Vysocina"	"Kralovehradecky kraj"	"Liberecky kraj"	"Moravskoslezsky kraj"	"Olomoucky kraj"	"Pardubicky kraj"	"Plzensky kraj"	"Stredocesky kraj"	"Ustecky kraj"	"Zlinsky kraj"	"_unknown_"
"S:H69-"	0.914	0.922	0.92	0.714	0.947	1	0.9	0.837	0.932	0.932	1	0.945	0.977	0.839	0.5	0.913
"S:V70-"	0.912	0.922	0.92	0.714	0.947	0.929	0.898	0.793	0.932	0.932	1	0.942	0.977	0.839	0.5	0.912
"S:Y144-"	0.787	0.795	0.708	0.455	0.885	0.679	0.717	0.772	0.796	0.885	0.963	0.788	0.886	0.742	0.25	0.815
"ORF1a:F3677-"	0.767	0.781	0.708	0.318	0.889	0.679	0.72	0.913	0.796	0.94	0.963	0.791	0.7	0.742	0.25	0.786
"ORF1a:G3676-"	0.758	0.768	0.708	0.318	0.889	0.679	0.72	0.902	0.796	0.94	0.963	0.791	0.62	0.742	0.25	0.777
"ORF1a:S3675-"	0.757	0.768	0.708	0.318	0.889	0.679	0.72	0.902	0.796	0.94	0.963	0.791	0.62	0.742	0.25	0.776
"ORF1a:K3678-"	0.0349	0.0384	0	0	0	0	0	0	0	0	0	0	0.266	0	0	0.043
"ORF1a:L3679-"	0.0347	0.0384	0	0	0	0	0	0	0	0	0	0	0.266	0	0	0.0422
"ORF1a:K3680-"	0.0252	0.0256	0	0	0	0	0	0	0	0	0	0	0.186	0	0	0.0336
"S:A243-"	0.0124	0.0112	0.00885	0.0195	0.00382	0	0.0043	0.13	0	0.0556	0	0.00606	0.0076	0	0	0.00602
"S:H245-"	0.0116	0.0096	0.00885	0.013	0.00382	0	0.0043	0.13	0	0.0513	0	0.00606	0.0076	0	0	0.00602
"S:L244-"	0.0116	0.0096	0.00885	0.013	0.00382	0	0.0043	0.13	0	0.0513	0	0.00606	0.0076	0	0	0.00602
"Other"	0.0921	0.0944	0.0619	0.013	0.0687	0	0.0516	0	0.146	0.167	0.037	0.142	0.103	0	0	0.111
"Count"	4125	625	113	154	262	28	697	92	103	234	27	330	263	31	4	1162	
