"Lineage"	"Vsechny tydny"	"tyden_2021_21"	"tyden_2021_22"	"tyden_2021_23"	"tyden_2021_24"	"tyden_2021_25"	"tyden_2021_26"	"tyden_2021_27"	"tyden_2021_28"	"tyden_2021_29"	"tyden_2021_30"	"tyden_2021_31"	"Total"
"B.1.617.2"	0.517	0.153	0.209	0.029	0.213	0.552	0.661	0.858	0.797	0.767	0.805	1	592
"B.1.1.7"	0.381	0.786	0.755	0.957	0.689	0.312	0.24	0.0283	0.0169	0.0167	0	0	436
"AY.12"	0.0271	0	0	0	0	0.0417	0.0175	0.0472	0.0847	0.0333	0.0488	0	31
"AY.4"	0.0227	0	0	0	0	0.0104	0.0117	0.033	0.0254	0.133	0.122	0	26
"None"	0.0105	0	0	0	0.0164	0.0521	0.0117	0.00472	0.00847	0.0167	0.0244	0	12
"AY.9"	0.00874	0	0	0	0	0	0.00585	0.00472	0.0508	0.0333	0	0	10
"C.36.3"	0.00699	0.0306	0	0	0.0164	0	0.0234	0	0	0	0	0	8
"P.1"	0.00612	0.0204	0.0144	0.00725	0.0328	0	0	0	0	0	0	0	7
"B.1"	0.00437	0	0.00719	0	0	0.0104	0.0117	0	0.00847	0	0	0	5
"B.1.1.236"	0.00175	0	0	0	0.0328	0	0	0	0	0	0	0	2
"Other"	0.0131	0.0102	0.0144	0.00725	0	0.0208	0.0175	0.0236	0.00847	0	0	0	15
"Count"	1144	98	139	138	61	96	171	212	118	60	41	10	
