"Lineage"	"Vsechny tydny"	"tyden_2021_17"	"tyden_2021_18"	"tyden_2021_19"	"tyden_2021_20"	"tyden_2021_21"	"tyden_2021_22"	"tyden_2021_23"	"tyden_2021_24"	"tyden_2021_25"	"tyden_2021_26"	"tyden_2021_27"	"Count"
"B.1.1.7"	0.845	0.946	0.859	0.926	0.81	0.718	0.648	0.878	0.683	0.524	0.423	1	1177
"B.1.617.2"	0.101	0.017	0.061	0.0372	0.129	0.188	0.27	0.087	0.268	0.476	0.5	0	141
"C.36.3"	0.0151	0.00852	0.0188	0.0149	0.0136	0.0471	0.0246	0	0.0244	0	0	0	21
"P.1"	0.0122	0.00568	0.0235	0	0.0136	0.0235	0.0246	0.0174	0.0244	0	0	0	17
"B.1.351"	0.0108	0.00568	0.0188	0.0149	0.0204	0	0	0.0174	0	0	0	0	15
"B.1.1.523"	0.00215	0	0	0	0.0068	0	0.0164	0	0	0	0	0	3
"Other"	0.0136	0.017	0.0188	0.00743	0.0068	0.0235	0.0164	0	0	0	0.0769	0	19
"Count"	1393	352	213	269	147	85	122	115	41	21	26	2	
