"Lineage"	"Ceska republika"	"Jihocesky"	"Jihomoravsky"	"Karlovarsky"	"Kralovehradecky"	"Liberecky"	"Moravskoslezsky"	"Olomoucky"	"Pardubicky"	"Plzensky"	"Praha"	"Stredocesky"	"Ustecky"	"Vysocina"	"Zlinsky"	"_unknown_"	"Count"
"B.1.1.7"	0.845	0.975	0.769	0	0	0.429	0.922	0.992	0.3	0.972	0.388	0.902	0.78	0.706	0.75	0.81	1177
"B.1.617.2"	0.101	0.0125	0.169	0	1	0.556	0.0157	0.00833	0	0	0.313	0.0196	0.0976	0.176	0.25	0.157	141
"C.36.3"	0.0151	0.0125	0	0	0	0.0159	0.0196	0	0.1	0.00694	0.0896	0.0196	0	0.0588	0	0.0117	21
"P.1"	0.0122	0	0	0	0	0	0	0	0.5	0	0.0746	0	0.0488	0	0	0.0146	17
"B.1.351"	0.0108	0	0	0	0	0	0.0392	0	0	0	0.0299	0.0196	0	0.0588	0	0.00292	15
"B.1.1.354"	0.00215	0	0	0	0	0	0	0	0	0	0	0	0.0732	0	0	0	3
"B.1.1.523"	0.00215	0	0	0	0	0	0	0	0	0	0.0299	0.0196	0	0	0	0	3
"C.36"	0.00215	0	0.0154	0	0	0	0	0	0	0.0139	0	0	0	0	0	0	3
"A"	0.00144	0	0	0	0	0	0	0	0	0	0.0299	0	0	0	0	0	2
"B.1.1.318"	0.00144	0	0.0308	0	0	0	0	0	0	0	0	0	0	0	0	0	2
"Other"	0.00646	0	0.0154	0	0	0	0.00392	0	0.1	0.00694	0.0448	0.0196	0	0	0	0.00292	9
"Count"	1393	80	65	0	1	63	255	240	10	144	67	51	41	17	16	343	
