"Lineage"	"Ceska republika"	"Jihocesky"	"Jihomoravsky"	"Karlovarsky"	"Kralovehradecky"	"Liberecky"	"Moravskoslezsky"	"Olomoucky"	"Pardubicky"	"Plzensky"	"Praha"	"Stredocesky"	"Ustecky"	"Vysocina"	"Zlinsky"	"_unknown_"
"B.1.1.7"	0.813	0.831	0.514	0.98	0.685	0.882	0.892	0.885	1	0.944	0.802	0.889	0.911	0.774	0.7	0.784
"B.1.258"	0.0983	0.117	0.249	0	0.202	0.0347	0.0423	0.0214	0	0.0421	0.111	0.0609	0.0163	0.129	0.1	0.116
"B.1.351"	0.0155	0	0.011	0.0098	0.0075	0.0625	0	0.0858	0	0.00351	0.0124	0.00717	0	0	0	0.00495
"B.1.221"	0.0147	0	0.0939	0	0.0325	0	0.00385	0	0	0.00702	0.0108	0	0	0	0	0.0173
"B.1.160"	0.00942	0.026	0.011	0.0098	0.0175	0.00694	0.00385	0	0	0	0.00464	0.00358	0	0	0.1	0.0165
"B.1.1"	0.007	0	0	0	0.0075	0.00694	0.0115	0.00268	0	0	0.0124	0.00358	0.0244	0	0	0.00743
"B.1"	0.00604	0	0.011	0	0.005	0	0.00385	0	0	0	0.00464	0	0	0.0323	0	0.0132
"B.1.1.153"	0.00314	0	0.0442	0	0.0025	0.00694	0	0	0	0	0	0	0.00813	0	0	0.00165
"B.1.1.277"	0.00314	0	0	0	0	0	0	0	0	0	0.00464	0.0108	0	0.0323	0	0.00495
"B.1.617.2"	0.00314	0	0	0	0	0	0.00385	0	0	0	0.00619	0.00358	0.0244	0	0	0.0033
"C.36"	0.00266	0.013	0	0	0.0025	0	0.0192	0	0	0	0.00464	0	0	0.0323	0	0
"B.1.177.8"	0.00241	0	0.011	0	0	0	0	0	0	0	0	0	0	0	0	0.00661
"B.1.527"	0.00169	0	0.011	0	0.005	0	0	0	0	0	0.00155	0	0	0	0	0.00165
"P.2"	0.00121	0	0.011	0	0	0	0	0	0	0	0	0	0.0163	0	0	0.000826
"Other"	0.0188	0.013	0.0331	0	0.0325	0	0.0192	0.00536	0	0.00351	0.0248	0.0215	0	0	0.1	0.0223
"Count"	4141	77	181	102	400	144	260	373	19	285	646	279	123	31	10	1211